
/*!40101 SET @OLD_CHARACTER_SET_CLIENT=@@CHARACTER_SET_CLIENT */;
/*!40101 SET @OLD_CHARACTER_SET_RESULTS=@@CHARACTER_SET_RESULTS */;
/*!40101 SET @OLD_COLLATION_CONNECTION=@@COLLATION_CONNECTION */;
/*!40101 SET NAMES utf8 */;
/*!40103 SET @OLD_TIME_ZONE=@@TIME_ZONE */;
/*!40103 SET TIME_ZONE='+00:00' */;
/*!40014 SET @OLD_UNIQUE_CHECKS=@@UNIQUE_CHECKS, UNIQUE_CHECKS=0 */;
/*!40014 SET @OLD_FOREIGN_KEY_CHECKS=@@FOREIGN_KEY_CHECKS, FOREIGN_KEY_CHECKS=0 */;
/*!40101 SET @OLD_SQL_MODE=@@SQL_MODE, SQL_MODE='NO_AUTO_VALUE_ON_ZERO' */;
/*!40111 SET @OLD_SQL_NOTES=@@SQL_NOTES, SQL_NOTES=0 */;
DROP TABLE IF EXISTS `categories`;
/*!40101 SET @saved_cs_client     = @@character_set_client */;
/*!40101 SET character_set_client = utf8 */;
CREATE TABLE `categories` (
  `id` bigint(20) unsigned NOT NULL AUTO_INCREMENT,
  `name` varchar(255) COLLATE utf8mb4_unicode_ci NOT NULL,
  `details` varchar(255) COLLATE utf8mb4_unicode_ci NOT NULL,
  `created_at` timestamp NULL DEFAULT NULL,
  `updated_at` timestamp NULL DEFAULT NULL,
  PRIMARY KEY (`id`)
) ENGINE=InnoDB DEFAULT CHARSET=utf8mb4 COLLATE=utf8mb4_unicode_ci;
/*!40101 SET character_set_client = @saved_cs_client */;

LOCK TABLES `categories` WRITE;
/*!40000 ALTER TABLE `categories` DISABLE KEYS */;
/*!40000 ALTER TABLE `categories` ENABLE KEYS */;
UNLOCK TABLES;
DROP TABLE IF EXISTS `failed_jobs`;
/*!40101 SET @saved_cs_client     = @@character_set_client */;
/*!40101 SET character_set_client = utf8 */;
CREATE TABLE `failed_jobs` (
  `id` bigint(20) unsigned NOT NULL AUTO_INCREMENT,
  `uuid` varchar(255) COLLATE utf8mb4_unicode_ci NOT NULL,
  `connection` text COLLATE utf8mb4_unicode_ci NOT NULL,
  `queue` text COLLATE utf8mb4_unicode_ci NOT NULL,
  `payload` longtext COLLATE utf8mb4_unicode_ci NOT NULL,
  `exception` longtext COLLATE utf8mb4_unicode_ci NOT NULL,
  `failed_at` timestamp NOT NULL DEFAULT CURRENT_TIMESTAMP,
  PRIMARY KEY (`id`),
  UNIQUE KEY `failed_jobs_uuid_unique` (`uuid`)
) ENGINE=InnoDB DEFAULT CHARSET=utf8mb4 COLLATE=utf8mb4_unicode_ci;
/*!40101 SET character_set_client = @saved_cs_client */;

LOCK TABLES `failed_jobs` WRITE;
/*!40000 ALTER TABLE `failed_jobs` DISABLE KEYS */;
/*!40000 ALTER TABLE `failed_jobs` ENABLE KEYS */;
UNLOCK TABLES;
DROP TABLE IF EXISTS `jobs`;
/*!40101 SET @saved_cs_client     = @@character_set_client */;
/*!40101 SET character_set_client = utf8 */;
CREATE TABLE `jobs` (
  `id` bigint(20) unsigned NOT NULL AUTO_INCREMENT,
  `queue` varchar(255) COLLATE utf8mb4_unicode_ci NOT NULL,
  `payload` longtext COLLATE utf8mb4_unicode_ci NOT NULL,
  `attempts` tinyint(3) unsigned NOT NULL,
  `reserved_at` int(10) unsigned DEFAULT NULL,
  `available_at` int(10) unsigned NOT NULL,
  `created_at` int(10) unsigned NOT NULL,
  PRIMARY KEY (`id`),
  KEY `jobs_queue_index` (`queue`)
) ENGINE=InnoDB DEFAULT CHARSET=utf8mb4 COLLATE=utf8mb4_unicode_ci;
/*!40101 SET character_set_client = @saved_cs_client */;

LOCK TABLES `jobs` WRITE;
/*!40000 ALTER TABLE `jobs` DISABLE KEYS */;
/*!40000 ALTER TABLE `jobs` ENABLE KEYS */;
UNLOCK TABLES;
DROP TABLE IF EXISTS `migrations`;
/*!40101 SET @saved_cs_client     = @@character_set_client */;
/*!40101 SET character_set_client = utf8 */;
CREATE TABLE `migrations` (
  `id` int(10) unsigned NOT NULL AUTO_INCREMENT,
  `migration` varchar(255) COLLATE utf8mb4_unicode_ci NOT NULL,
  `batch` int(11) NOT NULL,
  PRIMARY KEY (`id`)
) ENGINE=InnoDB AUTO_INCREMENT=15 DEFAULT CHARSET=utf8mb4 COLLATE=utf8mb4_unicode_ci;
/*!40101 SET character_set_client = @saved_cs_client */;

LOCK TABLES `migrations` WRITE;
/*!40000 ALTER TABLE `migrations` DISABLE KEYS */;
INSERT INTO `migrations` VALUES (1,'2014_09_03_092910_create_roles_table',1),(2,'2014_10_12_000000_create_users_table',1),(3,'2014_10_12_100000_create_password_resets_table',1),(4,'2019_08_19_000000_create_failed_jobs_table',1),(5,'2019_12_14_000001_create_personal_access_tokens_table',1),(6,'2022_03_02_101211_create_modules_table',1),(7,'2022_03_03_093949_create_permissions_table',1),(8,'2022_03_03_094126_create_role_permissions_table',1),(9,'2022_03_05_140757_create_categories_table',1),(10,'2022_03_05_143519_create_products_table',1),(11,'2022_04_12_154038_create_jobs_table',2),(13,'2022_04_20_154425_add_membership_type_to_users_table',3),(14,'2022_04_21_161006_create_payments_table',4);
/*!40000 ALTER TABLE `migrations` ENABLE KEYS */;
UNLOCK TABLES;
DROP TABLE IF EXISTS `modules`;
/*!40101 SET @saved_cs_client     = @@character_set_client */;
/*!40101 SET character_set_client = utf8 */;
CREATE TABLE `modules` (
  `id` bigint(20) unsigned NOT NULL AUTO_INCREMENT,
  `name` varchar(255) COLLATE utf8mb4_unicode_ci NOT NULL,
  `status` varchar(255) COLLATE utf8mb4_unicode_ci NOT NULL DEFAULT 'active',
  `created_at` timestamp NULL DEFAULT NULL,
  `updated_at` timestamp NULL DEFAULT NULL,
  PRIMARY KEY (`id`)
) ENGINE=InnoDB AUTO_INCREMENT=4 DEFAULT CHARSET=utf8mb4 COLLATE=utf8mb4_unicode_ci;
/*!40101 SET character_set_client = @saved_cs_client */;

LOCK TABLES `modules` WRITE;
/*!40000 ALTER TABLE `modules` DISABLE KEYS */;
INSERT INTO `modules` VALUES (1,'Users','active','2022-03-23 07:37:42','2022-03-23 07:37:42'),(2,'Category','active','2022-03-23 07:37:42','2022-03-23 07:37:42'),(3,'Role','active','2022-03-23 07:37:42','2022-03-23 07:37:42');
/*!40000 ALTER TABLE `modules` ENABLE KEYS */;
UNLOCK TABLES;
DROP TABLE IF EXISTS `password_resets`;
/*!40101 SET @saved_cs_client     = @@character_set_client */;
/*!40101 SET character_set_client = utf8 */;
CREATE TABLE `password_resets` (
  `email` varchar(255) COLLATE utf8mb4_unicode_ci NOT NULL,
  `token` varchar(255) COLLATE utf8mb4_unicode_ci NOT NULL,
  `created_at` timestamp NULL DEFAULT NULL,
  KEY `password_resets_email_index` (`email`)
) ENGINE=InnoDB DEFAULT CHARSET=utf8mb4 COLLATE=utf8mb4_unicode_ci;
/*!40101 SET character_set_client = @saved_cs_client */;

LOCK TABLES `password_resets` WRITE;
/*!40000 ALTER TABLE `password_resets` DISABLE KEYS */;
/*!40000 ALTER TABLE `password_resets` ENABLE KEYS */;
UNLOCK TABLES;
DROP TABLE IF EXISTS `payments`;
/*!40101 SET @saved_cs_client     = @@character_set_client */;
/*!40101 SET character_set_client = utf8 */;
CREATE TABLE `payments` (
  `id` bigint(20) unsigned NOT NULL AUTO_INCREMENT,
  `tran_id` varchar(255) COLLATE utf8mb4_unicode_ci NOT NULL,
  `user_id` int(11) NOT NULL,
  `status` varchar(255) COLLATE utf8mb4_unicode_ci NOT NULL DEFAULT 'pending',
  `method` varchar(255) COLLATE utf8mb4_unicode_ci NOT NULL,
  `amount` double(10,2) NOT NULL,
  `package_name` varchar(255) COLLATE utf8mb4_unicode_ci NOT NULL,
  `created_at` timestamp NULL DEFAULT NULL,
  `updated_at` timestamp NULL DEFAULT NULL,
  PRIMARY KEY (`id`)
) ENGINE=InnoDB AUTO_INCREMENT=8 DEFAULT CHARSET=utf8mb4 COLLATE=utf8mb4_unicode_ci;
/*!40101 SET character_set_client = @saved_cs_client */;

LOCK TABLES `payments` WRITE;
/*!40000 ALTER TABLE `payments` DISABLE KEYS */;
INSERT INTO `payments` VALUES (1,'6261320e18c4a',7,'pending','ssl',100.00,'premium','2022-04-21 10:29:34','2022-04-21 10:29:34'),(2,'626132712ddc3',7,'paid','BKASH-BKash',100.00,'premium','2022-04-21 10:31:13','2022-04-21 10:44:42'),(3,'62613709bc8ca',7,'paid','BKASH-BKash',100.00,'premium','2022-04-21 10:50:49','2022-04-21 10:51:04'),(4,'6261377380eb2',7,'paid','BKASH-BKash',100.00,'premium','2022-04-21 10:52:35','2022-04-21 10:52:48'),(5,'626137c003b87',7,'paid','NAGAD-Nagad',100.00,'premium','2022-04-21 10:53:52','2022-04-21 10:54:12'),(6,'626137ed19c64',7,'paid','BKASH-BKash',100.00,'premium','2022-04-21 10:54:37','2022-04-21 10:54:48'),(7,'62613827adcea',7,'paid','NAGAD-Nagad',100.00,'premium','2022-04-21 10:55:35','2022-04-21 10:55:46');
/*!40000 ALTER TABLE `payments` ENABLE KEYS */;
UNLOCK TABLES;
DROP TABLE IF EXISTS `permissions`;
/*!40101 SET @saved_cs_client     = @@character_set_client */;
/*!40101 SET character_set_client = utf8 */;
CREATE TABLE `permissions` (
  `id` bigint(20) unsigned NOT NULL AUTO_INCREMENT,
  `module_id` bigint(20) unsigned NOT NULL,
  `name` varchar(255) COLLATE utf8mb4_unicode_ci NOT NULL,
  `slug` varchar(255) COLLATE utf8mb4_unicode_ci NOT NULL,
  `status` varchar(255) COLLATE utf8mb4_unicode_ci NOT NULL DEFAULT 'active',
  `created_at` timestamp NULL DEFAULT NULL,
  `updated_at` timestamp NULL DEFAULT NULL,
  PRIMARY KEY (`id`),
  KEY `permissions_module_id_foreign` (`module_id`),
  CONSTRAINT `permissions_module_id_foreign` FOREIGN KEY (`module_id`) REFERENCES `modules` (`id`)
) ENGINE=InnoDB AUTO_INCREMENT=23 DEFAULT CHARSET=utf8mb4 COLLATE=utf8mb4_unicode_ci;
/*!40101 SET character_set_client = @saved_cs_client */;

LOCK TABLES `permissions` WRITE;
/*!40000 ALTER TABLE `permissions` DISABLE KEYS */;
INSERT INTO `permissions` VALUES (1,1,'users.index','usersindex','active','2022-03-23 07:37:42','2022-03-23 07:37:42'),(2,1,'users.index2','usersindex2','active','2022-03-23 07:37:42','2022-03-23 07:37:42'),(3,1,'users.create','userscreate','active','2022-03-23 07:37:42','2022-03-23 07:37:42'),(4,1,'users.store','usersstore','active','2022-03-23 07:37:42','2022-03-23 07:37:42'),(5,1,'users.show','usersshow','active','2022-03-23 07:37:42','2022-03-23 07:37:42'),(6,1,'users.edit','usersedit','active','2022-03-23 07:37:42','2022-03-23 07:37:42'),(7,1,'users.update','usersupdate','active','2022-03-23 07:37:42','2022-03-23 07:37:42'),(8,1,'users.destroy','usersdestroy','active','2022-03-23 07:37:42','2022-03-23 07:37:42'),(9,2,'category.list','categorylist','active','2022-03-23 07:37:42','2022-03-23 07:37:42'),(10,2,'category.add','categoryadd','active','2022-03-23 07:37:42','2022-03-23 07:37:42'),(11,2,'category.store','categorystore','active','2022-03-23 07:37:42','2022-03-23 07:37:42'),(12,2,'category.view','categoryview','active','2022-03-23 07:37:42','2022-03-23 07:37:42'),(13,2,'category.edit','categoryedit','active','2022-03-23 07:37:42','2022-03-23 07:37:42'),(14,2,'category.update','categoryupdate','active','2022-03-23 07:37:42','2022-03-23 07:37:42'),(15,2,'delete.category','deletecategory','active','2022-03-23 07:37:42','2022-03-23 07:37:42'),(16,3,'role.list','rolelist','active','2022-03-23 07:37:42','2022-03-23 07:37:42'),(17,3,'role.add','roleadd','active','2022-03-23 07:37:42','2022-03-23 07:37:42'),(18,3,'role.store','rolestore','active','2022-03-23 07:37:42','2022-03-23 07:37:42'),(19,3,'role.view','roleview','active','2022-03-23 07:37:42','2022-03-23 07:37:42'),(20,3,'role.edit','roleedit','active','2022-03-23 07:37:42','2022-03-23 07:37:42'),(21,3,'role.update','roleupdate','active','2022-03-23 07:37:42','2022-03-23 07:37:42'),(22,3,'role.category','rolecategory','active','2022-03-23 07:37:42','2022-03-23 07:37:42');
/*!40000 ALTER TABLE `permissions` ENABLE KEYS */;
UNLOCK TABLES;
DROP TABLE IF EXISTS `personal_access_tokens`;
/*!40101 SET @saved_cs_client     = @@character_set_client */;
/*!40101 SET character_set_client = utf8 */;
CREATE TABLE `personal_access_tokens` (
  `id` bigint(20) unsigned NOT NULL AUTO_INCREMENT,
  `tokenable_type` varchar(255) COLLATE utf8mb4_unicode_ci NOT NULL,
  `tokenable_id` bigint(20) unsigned NOT NULL,
  `name` varchar(255) COLLATE utf8mb4_unicode_ci NOT NULL,
  `token` varchar(64) COLLATE utf8mb4_unicode_ci NOT NULL,
  `abilities` text COLLATE utf8mb4_unicode_ci,
  `last_used_at` timestamp NULL DEFAULT NULL,
  `created_at` timestamp NULL DEFAULT NULL,
  `updated_at` timestamp NULL DEFAULT NULL,
  PRIMARY KEY (`id`),
  UNIQUE KEY `personal_access_tokens_token_unique` (`token`),
  KEY `personal_access_tokens_tokenable_type_tokenable_id_index` (`tokenable_type`,`tokenable_id`)
) ENGINE=InnoDB DEFAULT CHARSET=utf8mb4 COLLATE=utf8mb4_unicode_ci;
/*!40101 SET character_set_client = @saved_cs_client */;

LOCK TABLES `personal_access_tokens` WRITE;
/*!40000 ALTER TABLE `personal_access_tokens` DISABLE KEYS */;
/*!40000 ALTER TABLE `personal_access_tokens` ENABLE KEYS */;
UNLOCK TABLES;
DROP TABLE IF EXISTS `products`;
/*!40101 SET @saved_cs_client     = @@character_set_client */;
/*!40101 SET character_set_client = utf8 */;
CREATE TABLE `products` (
  `id` bigint(20) unsigned NOT NULL AUTO_INCREMENT,
  `name` varchar(255) COLLATE utf8mb4_unicode_ci NOT NULL,
  `image` varchar(255) COLLATE utf8mb4_unicode_ci DEFAULT NULL,
  `category_id` int(11) NOT NULL,
  `price` varchar(255) COLLATE utf8mb4_unicode_ci NOT NULL,
  `sellers_price` varchar(255) COLLATE utf8mb4_unicode_ci NOT NULL,
  `details` varchar(255) COLLATE utf8mb4_unicode_ci NOT NULL,
  `created_at` timestamp NULL DEFAULT NULL,
  `updated_at` timestamp NULL DEFAULT NULL,
  PRIMARY KEY (`id`)
) ENGINE=InnoDB DEFAULT CHARSET=utf8mb4 COLLATE=utf8mb4_unicode_ci;
/*!40101 SET character_set_client = @saved_cs_client */;

LOCK TABLES `products` WRITE;
/*!40000 ALTER TABLE `products` DISABLE KEYS */;
/*!40000 ALTER TABLE `products` ENABLE KEYS */;
UNLOCK TABLES;
DROP TABLE IF EXISTS `role_permissions`;
/*!40101 SET @saved_cs_client     = @@character_set_client */;
/*!40101 SET character_set_client = utf8 */;
CREATE TABLE `role_permissions` (
  `id` bigint(20) unsigned NOT NULL AUTO_INCREMENT,
  `role_id` bigint(20) unsigned NOT NULL,
  `permission_id` bigint(20) unsigned NOT NULL,
  `created_at` timestamp NULL DEFAULT NULL,
  `updated_at` timestamp NULL DEFAULT NULL,
  PRIMARY KEY (`id`),
  KEY `role_permissions_role_id_foreign` (`role_id`),
  KEY `role_permissions_permission_id_foreign` (`permission_id`),
  CONSTRAINT `role_permissions_permission_id_foreign` FOREIGN KEY (`permission_id`) REFERENCES `permissions` (`id`),
  CONSTRAINT `role_permissions_role_id_foreign` FOREIGN KEY (`role_id`) REFERENCES `roles` (`id`) ON DELETE CASCADE
) ENGINE=InnoDB AUTO_INCREMENT=16 DEFAULT CHARSET=utf8mb4 COLLATE=utf8mb4_unicode_ci;
/*!40101 SET character_set_client = @saved_cs_client */;

LOCK TABLES `role_permissions` WRITE;
/*!40000 ALTER TABLE `role_permissions` DISABLE KEYS */;
INSERT INTO `role_permissions` VALUES (1,1,1,NULL,NULL),(2,1,2,NULL,NULL),(3,1,3,NULL,NULL),(4,1,4,NULL,NULL),(5,1,5,NULL,NULL),(6,1,6,NULL,NULL),(7,1,7,NULL,NULL),(8,1,8,NULL,NULL),(9,1,9,NULL,NULL),(10,1,10,NULL,NULL),(11,1,11,NULL,NULL),(12,1,12,NULL,NULL),(13,1,13,NULL,NULL),(14,1,14,NULL,NULL),(15,1,15,NULL,NULL);
/*!40000 ALTER TABLE `role_permissions` ENABLE KEYS */;
UNLOCK TABLES;
DROP TABLE IF EXISTS `roles`;
/*!40101 SET @saved_cs_client     = @@character_set_client */;
/*!40101 SET character_set_client = utf8 */;
CREATE TABLE `roles` (
  `id` bigint(20) unsigned NOT NULL AUTO_INCREMENT,
  `name` varchar(255) COLLATE utf8mb4_unicode_ci NOT NULL,
  `slug` varchar(255) COLLATE utf8mb4_unicode_ci DEFAULT NULL,
  `status` varchar(255) COLLATE utf8mb4_unicode_ci NOT NULL DEFAULT 'active',
  `created_at` timestamp NULL DEFAULT NULL,
  `updated_at` timestamp NULL DEFAULT NULL,
  PRIMARY KEY (`id`)
) ENGINE=InnoDB AUTO_INCREMENT=3 DEFAULT CHARSET=utf8mb4 COLLATE=utf8mb4_unicode_ci;
/*!40101 SET character_set_client = @saved_cs_client */;

LOCK TABLES `roles` WRITE;
/*!40000 ALTER TABLE `roles` DISABLE KEYS */;
INSERT INTO `roles` VALUES (1,'Admin',NULL,'active','2022-03-23 07:40:16','2022-03-23 07:40:16'),(2,'Hero',NULL,'active','2022-03-25 10:34:02','2022-03-25 10:34:02');
/*!40000 ALTER TABLE `roles` ENABLE KEYS */;
UNLOCK TABLES;
DROP TABLE IF EXISTS `users`;
/*!40101 SET @saved_cs_client     = @@character_set_client */;
/*!40101 SET character_set_client = utf8 */;
CREATE TABLE `users` (
  `id` bigint(20) unsigned NOT NULL AUTO_INCREMENT,
  `role_id` bigint(20) unsigned NOT NULL,
  `name` varchar(255) COLLATE utf8mb4_unicode_ci NOT NULL,
  `facebook_id` varchar(255) COLLATE utf8mb4_unicode_ci DEFAULT NULL,
  `email` varchar(255) COLLATE utf8mb4_unicode_ci NOT NULL,
  `email_verified_at` timestamp NULL DEFAULT NULL,
  `password` varchar(255) COLLATE utf8mb4_unicode_ci NOT NULL,
  `reset_token` varchar(255) COLLATE utf8mb4_unicode_ci DEFAULT NULL,
  `reset_token_expire_at` datetime DEFAULT NULL,
  `image` varchar(255) COLLATE utf8mb4_unicode_ci DEFAULT NULL,
  `remember_token` varchar(100) COLLATE utf8mb4_unicode_ci DEFAULT NULL,
  `created_at` timestamp NULL DEFAULT NULL,
  `updated_at` timestamp NULL DEFAULT NULL,
  `membership_type` varchar(255) COLLATE utf8mb4_unicode_ci NOT NULL DEFAULT 'free',
  PRIMARY KEY (`id`),
  UNIQUE KEY `users_email_unique` (`email`),
  KEY `users_role_id_foreign` (`role_id`),
  CONSTRAINT `users_role_id_foreign` FOREIGN KEY (`role_id`) REFERENCES `roles` (`id`)
) ENGINE=InnoDB AUTO_INCREMENT=102 DEFAULT CHARSET=utf8mb4 COLLATE=utf8mb4_unicode_ci;
/*!40101 SET character_set_client = @saved_cs_client */;

LOCK TABLES `users` WRITE;
/*!40000 ALTER TABLE `users` DISABLE KEYS */;
INSERT INTO `users` VALUES (4,1,'zulauf.kaylah@huel.net',NULL,'zulauf.kaylah@huel.net',NULL,'$2y$10$t8LnS9LTxY1hUX.POagZWuEYVUHebLpAtyD6w/vkxsLLKZUQjm4ua',NULL,NULL,NULL,NULL,'2022-03-23 07:40:19','2022-03-23 07:40:19','free'),(7,1,'FOysal',NULL,'foysal.kodeeo@gmail.com',NULL,'$2y$10$0pDVKPl0F0JV9Y8ZLhjXGuOzKYzOkXIR413zTrKLCOZ9XlbfBsY9.','xQgkulJs1OR7JumRRmYEj1FIiYioRtCG9K8Ct9TQ','2022-04-12 16:04:15',NULL,NULL,'2022-03-23 07:40:19','2022-04-21 10:55:46','premium'),(8,1,'Thea Langworth',NULL,'rippin.evert@goyette.com',NULL,'$2y$10$2YhOeydjad6emZuaXwdUaugngyAIMbvpDrJ5J6a4LWIB2aIaS9rG2',NULL,NULL,NULL,NULL,'2022-03-23 07:40:19','2022-03-23 07:40:19','free'),(9,1,'Garnett Homenick',NULL,'curtis.bahringer@hotmail.com',NULL,'$2y$10$bhlrhCi0EQOgcI2ZIJgmR.YzW3OBJEFn/ZzStX9/hxIF/QjDb5X2u',NULL,NULL,NULL,NULL,'2022-03-23 07:40:19','2022-03-23 07:40:19','free'),(10,1,'Joannie Nader',NULL,'neal48@gmail.com',NULL,'$2y$10$PIsR/92iqsHVWZz.S9wW5e/IFBTo4UHDr2ksNhjQXsAHQvz20sXoO',NULL,NULL,NULL,NULL,'2022-03-23 07:40:19','2022-03-23 07:40:19','free'),(12,1,'Jalen Wintheiser Sr.',NULL,'runolfsson.toni@hodkiewicz.com',NULL,'$2y$10$0JDPUpAGwpunKOpjaT1Q9OwC./UgNV5BkzYOcqKBN2LmN0CObZk/K',NULL,NULL,NULL,NULL,'2022-03-23 07:40:19','2022-03-23 07:40:19','free'),(14,1,'Rowena Okuneva',NULL,'crooks.dax@altenwerth.biz',NULL,'$2y$10$Q4BhxM3Vj7M75QMeNO456eeyL9ZN8wfkUs4ZERP2LHWcAOZRqAqWy',NULL,NULL,NULL,NULL,'2022-03-23 07:40:19','2022-03-23 07:40:19','free'),(19,1,'Dr. Wendy Kiehn DVM',NULL,'carissa.ruecker@watsica.info',NULL,'$2y$10$j.v8veRkfMQOGyD7BAY20.OeNXq114z49FGsHGEToN6.T/IT76xRO',NULL,NULL,NULL,NULL,'2022-03-23 07:40:19','2022-03-23 07:40:19','free'),(21,1,'Raphaelle Stanton Sr.',NULL,'saul31@hotmail.com',NULL,'$2y$10$VnUREC1q.hWHdqGRy9NHRe4o/SYB782vOZFD8r0wC3FYZrMqWaUfu',NULL,NULL,NULL,NULL,'2022-03-23 07:40:19','2022-03-23 07:40:19','free'),(22,1,'Margarette Jast',NULL,'whuels@larkin.com',NULL,'$2y$10$CZop2OVpN.CnURoJMSBe3uBwWiBmt6IC1o9Tzmwmk3bPe4Tu/l7cm',NULL,NULL,NULL,NULL,'2022-03-23 07:40:19','2022-03-23 07:40:19','free'),(23,1,'Mr. Willard Runte IV',NULL,'morar.tristin@kuhn.com',NULL,'$2y$10$mpR69wzdM64Vm1rHCjdPSeeyflZichYJ4nbFXwB2AVVOUmKSV3YMy',NULL,NULL,NULL,NULL,'2022-03-23 07:40:19','2022-03-23 07:40:19','free'),(26,1,'Dr. Hoyt Hegmann MD',NULL,'destinee.harris@yahoo.com',NULL,'$2y$10$c2mJ1YnjiEfhVahtRmfJpejr07PNGEH5XG5NEzZanm3KoIcahqDMa',NULL,NULL,NULL,NULL,'2022-03-23 07:40:19','2022-03-23 07:40:19','free'),(27,1,'Verlie VonRueden II',NULL,'kristoffer.trantow@hotmail.com',NULL,'$2y$10$IgwXznpYKpmxYntpyoxxZeibb6hKg68ejrYNzCTZGKLcv5C7dyoki',NULL,NULL,NULL,NULL,'2022-03-23 07:40:19','2022-03-23 07:40:19',''),(28,1,'Dr. Cleve Baumbach MD',NULL,'littel.ronaldo@schinner.com',NULL,'$2y$10$ajcva.khXt2rlLLe5wgpIueMTNY.u4cC4HPt51plfNYX2HfjCLtbm',NULL,NULL,NULL,NULL,'2022-03-23 07:40:19','2022-03-23 07:40:19',''),(29,1,'Duane Smitham',NULL,'rowe.thelma@gmail.com',NULL,'$2y$10$HbPsGdyE6sx31vJ7D7GLGefPedJtIK4QYDAykHksks9xKaHGK.nY6',NULL,NULL,NULL,NULL,'2022-03-23 07:40:19','2022-03-23 07:40:19',''),(30,1,'Sam Brown',NULL,'icie.murazik@lang.com',NULL,'$2y$10$LaDnnnWYXGvzkDKxu.WDQ.v9zFXeNP/4nlqGeVl4CcAG2lLcaVEbS',NULL,NULL,NULL,NULL,'2022-03-23 07:40:19','2022-03-23 07:40:19','free'),(31,1,'Lambert Schinner',NULL,'meggie.schneider@yahoo.com',NULL,'$2y$10$iRX.vkLGm8tIQmRSZJpBuuALDGsZU7kM825OwuFnyGWnuT1bE4eYi',NULL,NULL,NULL,NULL,'2022-03-23 07:40:19','2022-03-23 07:40:19','free'),(32,1,'Annalise O\'Kon',NULL,'zmacejkovic@gmail.com',NULL,'$2y$10$2p4fndK/QrwJqIp3qoriw.Asa.XOam3g6XvhRLPLEaLc60fsAw4yO',NULL,NULL,NULL,NULL,'2022-03-23 07:40:19','2022-03-23 07:40:19','free'),(33,1,'Amara Reichel',NULL,'quinton.bosco@schiller.com',NULL,'$2y$10$A/8jB33l1dCo0EKr1RUYbu0mKXr/orUXmfP7R1Lh1LedOb0LN1Hdq',NULL,NULL,NULL,NULL,'2022-03-23 07:40:19','2022-03-23 07:40:19','free'),(34,1,'Orville Tillman',NULL,'white.otis@hotmail.com',NULL,'$2y$10$Xk52IFbMEc7Q3kwCkxQse.qJUX93hq3a/JWX7J1YegGFSSWHH70gi',NULL,NULL,NULL,NULL,'2022-03-23 07:40:19','2022-03-23 07:40:19','free'),(35,1,'Genoveva Luettgen V',NULL,'bkeeling@yahoo.com',NULL,'$2y$10$asZ9KnnzNs4Xpbs6gZ0gzeYzQmuRWlFmyYdz3BQJVnV9v4RJFuFJm',NULL,NULL,NULL,NULL,'2022-03-23 07:40:19','2022-03-23 07:40:19','free'),(36,1,'Wanda Doyle I',NULL,'xabshire@hotmail.com',NULL,'$2y$10$pVMixALY/41HLMUPKeshF.pTTWUfk6fX.CoGMl.8Ss.R9cZQ7SQBq',NULL,NULL,NULL,NULL,'2022-03-23 07:40:19','2022-03-23 07:40:19','free'),(37,1,'Berry Waelchi',NULL,'ledner.fae@connelly.com',NULL,'$2y$10$jtK9mCpVSwfyRxhFlc6jmuMT5DF5KcJ6oH4nm5.Z0p4Px4TjNSzxm',NULL,NULL,NULL,NULL,'2022-03-23 07:40:19','2022-03-23 07:40:19','free'),(38,1,'Margaretta Sporer',NULL,'abruen@klocko.com',NULL,'$2y$10$z2e0u1EZi9XPYfQGpMR.A.zk3sezVxMf9SDZrINp5fkn2jFJ2uuum',NULL,NULL,NULL,NULL,'2022-03-23 07:40:19','2022-03-23 07:40:19','free'),(39,1,'Boyd Daugherty',NULL,'lemke.grover@wiza.com',NULL,'$2y$10$7.dgWn/Cem4JqcunnHEbMezWhufzGCH.dZyrH5uZYP3ybmssVhB2S',NULL,NULL,NULL,NULL,'2022-03-23 07:40:19','2022-03-23 07:40:19','free'),(40,1,'Mrs. Alysa King Sr.',NULL,'ruecker.ressie@hammes.com',NULL,'$2y$10$RcEShrEB2p09lEpl1I1G6etpKCToNoE.cPPJTjgkPtW7Y6/f5mGTC',NULL,NULL,NULL,NULL,'2022-03-23 07:40:19','2022-03-23 07:40:19','free'),(41,1,'Constantin Veum',NULL,'lorenza.gerlach@kozey.com',NULL,'$2y$10$nxgT4Ttuv4su4lDtEQuIiOZ2IfphNKjhITawlBjWBCroOsae8E3xC',NULL,NULL,NULL,NULL,'2022-03-23 07:40:19','2022-03-23 07:40:19','free'),(42,1,'Dr. Jeremie Johnson DDS',NULL,'spencer.emerson@lesch.biz',NULL,'$2y$10$QkAd4Y7xB5N850eH0nZSzOc1plZ1Y8lNr3xOBwnMC/PipI3/hWjvy',NULL,NULL,NULL,NULL,'2022-03-23 07:40:19','2022-03-23 07:40:19','free'),(43,1,'Dr. Clyde Hoppe I',NULL,'zemlak.gabriella@gmail.com',NULL,'$2y$10$TJuaV0QUves.biUT9lx8NesT2Z78TKFCA9/H99vY79mSFjjTCvUxC',NULL,NULL,NULL,NULL,'2022-03-23 07:40:19','2022-03-23 07:40:19','free'),(44,1,'Greta Bashirian',NULL,'cummings.clay@gmail.com',NULL,'$2y$10$50a5X42gvS4vO3LuTrn7ae/QyJPO7vUlgU.Vq3mdlg9Oy4QQRXvFm',NULL,NULL,NULL,NULL,'2022-03-23 07:40:19','2022-03-23 07:40:19','free'),(45,1,'Phoebe Hills',NULL,'waters.melyssa@hotmail.com',NULL,'$2y$10$jYMW5jNJ8q3JXSjRYh6kl.XcmJunUcvP7/0T1kdfH9ZM0zaMD8Rbu',NULL,NULL,NULL,NULL,'2022-03-23 07:40:19','2022-03-23 07:40:19','free'),(46,1,'Ahmed Leannon',NULL,'pfeffer.marcella@vonrueden.biz',NULL,'$2y$10$OqEAEpRbpm9gZEaeCrMn1umBYXZ.WOnuPGf9koTeETkwTQivBtZWS',NULL,NULL,NULL,NULL,'2022-03-23 07:40:19','2022-03-23 07:40:19','free'),(47,1,'Dr. Nathan Stehr',NULL,'michale.oconnell@yahoo.com',NULL,'$2y$10$1m7y6IAJEHq1wiLNVqUA6OvEELfmS3TBQCCUotvJ4xkOoYD4J9x9C',NULL,NULL,NULL,NULL,'2022-03-23 07:40:19','2022-03-23 07:40:19','free'),(48,1,'Ibrahim Wilderman',NULL,'onie98@anderson.com',NULL,'$2y$10$LwGBMAjzk2brf.M6W..R8OQSvqZCfNrv8KCiFjA5DdvMDeYtolKfW',NULL,NULL,NULL,NULL,'2022-03-23 07:40:19','2022-03-23 07:40:19','free'),(49,1,'Oceane Hermann',NULL,'lucie.blanda@nader.com',NULL,'$2y$10$ZVFNljqj.1DmBme1vZV2dOshQYNgnI7T2SiU/I2VomidE2Oys0xOa',NULL,NULL,NULL,NULL,'2022-03-23 07:40:19','2022-03-23 07:40:19','free'),(50,1,'Delfina Lakin',NULL,'laisha30@renner.com',NULL,'$2y$10$t5.3dABmd.DFyOzVBlSpUuIU7sl6Hw5nr0kpiLT1JFpwDOHvG9XoC',NULL,NULL,NULL,NULL,'2022-03-23 07:40:19','2022-03-23 07:40:19','free'),(51,1,'Dr. Marcelle Jerde',NULL,'born@hotmail.com',NULL,'$2y$10$75KmuU6Ev6C2l8yTbY8BEOTWvtz7Sfj0fIEJ2mh20DkgjLWmzrnvW',NULL,NULL,NULL,NULL,'2022-03-23 07:40:19','2022-03-23 07:40:19','free'),(52,1,'Jonas Runolfsdottir II',NULL,'qkunde@casper.com',NULL,'$2y$10$xQ4zPjHMxTLEXX0ls5PcYe5bIx4Mdym1iwF/MNVpfVOppW2HyyIre',NULL,NULL,NULL,NULL,'2022-03-25 10:34:06','2022-03-25 10:34:06','free'),(53,1,'Mr. Myron Cummerata II',NULL,'jabari93@gmail.com',NULL,'$2y$10$Bek52.JPge3on48AkREY5eWW5nIWw6OdLole.j/zV2bS3p8l1zAxa',NULL,NULL,NULL,NULL,'2022-03-25 10:34:07','2022-03-25 10:34:07','free'),(54,1,'Octavia Muller',NULL,'lkoss@yahoo.com',NULL,'$2y$10$kFPMVOzidrwWomD7I0XbMeiHdp/LGHnZQDYJyPFUQ0O7JDZ/.32Vi',NULL,NULL,NULL,NULL,'2022-03-25 10:34:07','2022-03-25 10:34:07','free'),(55,1,'Stacy Adams IV',NULL,'edyth.harvey@hotmail.com',NULL,'$2y$10$XO7H.esO7gQ1fJ1YpAbWAe4DGhSDaEOYqB3ckbhU8kPnSUYFr6XSq',NULL,NULL,NULL,NULL,'2022-03-25 10:34:07','2022-03-25 10:34:07','free'),(56,1,'Nicolette Huel',NULL,'ruth62@yahoo.com',NULL,'$2y$10$yYWp5Wa8MrP67udjcLSVCOmbcM5naaSUaUPX.fQQ6X2//gd.IRcC.',NULL,NULL,NULL,NULL,'2022-03-25 10:34:07','2022-03-25 10:34:07','free'),(57,1,'Ms. Vilma Auer Sr.',NULL,'vharber@yahoo.com',NULL,'$2y$10$G4i1XxGmow21LBNZvb/nZ.GMgmzWRMiXkvk/Z71j1YS1/g8S9YWSO',NULL,NULL,NULL,NULL,'2022-03-25 10:34:07','2022-03-25 10:34:07','free'),(58,1,'Dallin Torphy',NULL,'wlabadie@swift.com',NULL,'$2y$10$e.4tu9toOEpjwQGlrRBaQO6M8Ht4qzGvgn3JinXCUVLZtzj7SSgR.',NULL,NULL,NULL,NULL,'2022-03-25 10:34:07','2022-03-25 10:34:07','free'),(59,1,'Adolfo Jacobs',NULL,'bartoletti.bernhard@skiles.com',NULL,'$2y$10$acbhKd68b/8065nGnIy2beY99mpc6N.4DfgBv0MteTAnFj/llPQa6',NULL,NULL,NULL,NULL,'2022-03-25 10:34:07','2022-03-25 10:34:07','free'),(60,1,'Ms. Maci Sawayn',NULL,'tzboncak@conn.net',NULL,'$2y$10$5O161APU.nPHavS/9RZkVOspXF8ev1pYijB6AHPdCkeFwmCaJUIci',NULL,NULL,NULL,NULL,'2022-03-25 10:34:07','2022-03-25 10:34:07','free'),(61,1,'Prof. Adriel Jacobi',NULL,'ward.virgie@hotmail.com',NULL,'$2y$10$UjG0owVqQJf3KP7yq0JL7uqtDhAP8QO.hYgzwPvEjmWyJ/450dw6e',NULL,NULL,NULL,NULL,'2022-03-25 10:34:07','2022-03-25 10:34:07','free'),(62,1,'Lorenza Dare',NULL,'henry.kovacek@kessler.org',NULL,'$2y$10$vIDQZBENnu7QQWrHT069BejoR50JXhbAuTmPlYkR9J0rC6ndxDZJq',NULL,NULL,NULL,NULL,'2022-03-25 10:34:07','2022-03-25 10:34:07','free'),(63,1,'Hugh Weber',NULL,'kub.adonis@gmail.com',NULL,'$2y$10$cRVx6MZjJEizuqAg0k0iQ.DJK1KqKX1ZiwadY1CEgGhqkOCqXM1hy',NULL,NULL,NULL,NULL,'2022-03-25 10:34:07','2022-03-25 10:34:07','free'),(64,1,'Ottilie Tremblay',NULL,'jolie79@heaney.com',NULL,'$2y$10$Hf6tUVsxGenukFt55CfMXuGvYEiR6Laj6PuJZaZRwgkZW0duqNOyG',NULL,NULL,NULL,NULL,'2022-03-25 10:34:07','2022-03-25 10:34:07','free'),(65,1,'Prof. Lenny Spinka DDS',NULL,'welch.cecil@reichel.com',NULL,'$2y$10$NvPjYEN088LDebYhbJ845eOmye8WCLSX3U.7gRo95iP/Aq.UYL.w2',NULL,NULL,NULL,NULL,'2022-03-25 10:34:07','2022-03-25 10:34:07','free'),(66,1,'Lindsey Pouros',NULL,'ramon99@littel.info',NULL,'$2y$10$GWAhfKn58IaRutRC7zrsNOkgID94c2KzmxJvO0H3CArJkxzddEgAm',NULL,NULL,NULL,NULL,'2022-03-25 10:34:07','2022-03-25 10:34:07','free'),(67,1,'Mrs. Ramona Beer III',NULL,'eddie56@gmail.com',NULL,'$2y$10$0qSXDrGbzbllvXxpBzrumOHDdLvGSmFoXewZhwpxpGb5NBYFwUQ2S',NULL,NULL,NULL,NULL,'2022-03-25 10:34:07','2022-03-25 10:34:07','free'),(68,1,'Micaela Miller',NULL,'dashawn66@leannon.com',NULL,'$2y$10$ayJGLQBEJF6ldzyhcCvNxeLI55G8v55E7783y6XnZpiFA.Jy1ZWWe',NULL,NULL,NULL,NULL,'2022-03-25 10:34:07','2022-03-25 10:34:07','free'),(69,1,'Elmo Barrows',NULL,'aurore17@hermiston.com',NULL,'$2y$10$hIEvBNPL3EWU.8deSQewpuxOiUHlPPirpROBGUY9aqazomhUGmH6u',NULL,NULL,NULL,NULL,'2022-03-25 10:34:07','2022-03-25 10:34:07','free'),(70,1,'Ms. Providenci Jast MD',NULL,'ima.kuhic@ortiz.net',NULL,'$2y$10$1Usbwhmhw1hWQHXk4X2xyuOI.SCkH79uM2Ic5vEqOzNbazQF3UbNa',NULL,NULL,NULL,NULL,'2022-03-25 10:34:07','2022-03-25 10:34:07','free'),(71,1,'Arjun Ruecker',NULL,'wuckert.verlie@bashirian.com',NULL,'$2y$10$U3xcZ2tBMnubRGv5Xw/vNerONTq34pSk6PYtgEvwUX.fnN9IdOhrG',NULL,NULL,NULL,NULL,'2022-03-25 10:34:07','2022-03-25 10:34:07','free'),(72,1,'Dr. Shanny Walter Jr.',NULL,'erau@heidenreich.com',NULL,'$2y$10$z.uDkZjDKWNiAOR/ehdcb.uCYM//P06TrD6wxN4XvH8G47A2hxHpC',NULL,NULL,NULL,NULL,'2022-03-25 10:34:07','2022-03-25 10:34:07','free'),(73,1,'Dr. Ford Rippin',NULL,'langosh.otha@yahoo.com',NULL,'$2y$10$yapSpwOe9CW3.2suHGopaO44qWiF9RIuJcLzYk2Tq4gKJJFk71VTO',NULL,NULL,NULL,NULL,'2022-03-25 10:34:07','2022-03-25 10:34:07','free'),(74,1,'Mr. Isai Hagenes Sr.',NULL,'jbeatty@gmail.com',NULL,'$2y$10$BGQqbc3QaIKUezVp3gP4.OKKf0ij5FsYJxjBXiglRtB9tuHofKmVG',NULL,NULL,NULL,NULL,'2022-03-25 10:34:07','2022-03-25 10:34:07','free'),(75,1,'Gunnar Stark I',NULL,'heaney.lennie@kris.org',NULL,'$2y$10$jwmkSIT5Xx8WIBtKB2K9neLZQkzan/cEBFFXW.dZzSlhUw8qC06fW',NULL,NULL,NULL,NULL,'2022-03-25 10:34:07','2022-03-25 10:34:07','free'),(76,1,'Vivian Stoltenberg V',NULL,'ara.kuhn@murphy.biz',NULL,'$2y$10$Bn6ZV.1mwzqLYLvkiJGbK.YrYGRbbRFcfjdfkEdsI41u69P5rpGuy',NULL,NULL,NULL,NULL,'2022-03-25 10:34:07','2022-03-25 10:34:07','free'),(77,1,'Tavares Quigley',NULL,'cronin.jacynthe@robel.com',NULL,'$2y$10$CnmrWfor02diFaH7gDAq3.yypUqmX9PFdRuHseucOgbSKcqXM1I36',NULL,NULL,NULL,NULL,'2022-03-25 10:34:07','2022-03-25 10:34:07','free'),(78,1,'Jose Hirthe',NULL,'kihn.vince@senger.info',NULL,'$2y$10$U54nOz9Zp3nZLO5WWfEwJeq/2667.bS5/hWqzllFlmspiH8hitkJy',NULL,NULL,NULL,NULL,'2022-03-25 10:34:07','2022-03-25 10:34:07','free'),(79,1,'Dr. Dangelo Block',NULL,'ubergstrom@gmail.com',NULL,'$2y$10$8SixbnefInHCt5lZHa6MbuPeLuc/7TRe5MIPKMdnP4ovtsgc05ioa',NULL,NULL,NULL,NULL,'2022-03-25 10:34:07','2022-03-25 10:34:07','free'),(80,1,'Aurore Emmerich',NULL,'adell59@stehr.org',NULL,'$2y$10$3kntbJ/nHvrY6G4ZzZXeb.WKAKwzWEiZfljhfC.vC0qAeK/b7x7Li',NULL,NULL,NULL,NULL,'2022-03-25 10:34:07','2022-03-25 10:34:07','free'),(81,1,'Delta Rosenbaum V',NULL,'felton.johns@hotmail.com',NULL,'$2y$10$SJCyd3gQ8Y91Bsi2QwvCeOzEm0Dpuy5nslJxYkKCJn6LylQqfWQMG',NULL,NULL,NULL,NULL,'2022-03-25 10:34:07','2022-03-25 10:34:07','free'),(82,1,'Mrs. Carlee Shanahan Jr.',NULL,'jayce.sipes@gmail.com',NULL,'$2y$10$8nVRpe3hpgvQXNk48GGYG.u5JrCGo0W9nixmW.t9Jtavk2qYpUEcW',NULL,NULL,NULL,NULL,'2022-03-25 10:34:07','2022-03-25 10:34:07','free'),(83,1,'Gino Oberbrunner',NULL,'pagac.kylee@nader.com',NULL,'$2y$10$BSpTe4bnunLH/3cx5xfj5uk8NZMOHDyRzA/NLtWBMjc3/isb8jdIS',NULL,NULL,NULL,NULL,'2022-03-25 10:34:07','2022-03-25 10:34:07','free'),(84,1,'Kayla Bartoletti',NULL,'dkulas@glover.info',NULL,'$2y$10$kZOFlFSkmkbJapM8FBnyi.HQVW3/RVyVEG9SqC0u.mIannSpjhYpm',NULL,NULL,NULL,NULL,'2022-03-25 10:34:07','2022-03-25 10:34:07','free'),(85,1,'Kiley Mosciski PhD',NULL,'amparo86@jones.com',NULL,'$2y$10$2GukHnWpzXkiSsfBqNyE9eopskbqr2QM/A5mSaYig.cgb7US4hjdu',NULL,NULL,NULL,NULL,'2022-03-25 10:34:07','2022-03-25 10:34:07','free'),(86,1,'Josefina Zulauf',NULL,'bogisich.emilia@gmail.com',NULL,'$2y$10$gr6jhEJ6wo21NUCQShl00.94OYqw791Ql/kzyjrGyn2hHULbt5qYu',NULL,NULL,NULL,NULL,'2022-03-25 10:34:07','2022-03-25 10:34:07','free'),(87,1,'Chester Hammes',NULL,'vbogisich@yahoo.com',NULL,'$2y$10$Zvo3YnsR5NZvSw7lbwBtVOoJ7L/bXop8GPk7Gpjy6cT1m81VHLIIK',NULL,NULL,NULL,NULL,'2022-03-25 10:34:07','2022-03-25 10:34:07','free'),(88,1,'Alanis Robel',NULL,'richmond.kuhlman@yahoo.com',NULL,'$2y$10$4v1iFC2iPZ16cCycxUWUv./kryygfDUU7V9EU9DB5Obucw2lf0giS',NULL,NULL,NULL,NULL,'2022-03-25 10:34:07','2022-03-25 10:34:07','free'),(89,1,'Domenico Windler',NULL,'lionel35@gmail.com',NULL,'$2y$10$cChNVED.WniTeCnkmUSCgOYrWWRMlaoX.zQLGIgwyVZ7mJyl4qdem',NULL,NULL,NULL,NULL,'2022-03-25 10:34:07','2022-03-25 10:34:07','free'),(90,1,'Jaylin Reinger',NULL,'faye93@yahoo.com',NULL,'$2y$10$mBzkAb5KKUlReZzYbfeIu.LHiiLAso5JdSvj2XkOjGgJ31h/aYTHi',NULL,NULL,NULL,NULL,'2022-03-25 10:34:07','2022-03-25 10:34:07','free'),(91,1,'Mackenzie Kiehn',NULL,'walsh.pat@schiller.com',NULL,'$2y$10$LqLahl0GpfqFhJRIUa2b3OTxg1eU8to.URoEK.SGO9vhc0NZcrV5K',NULL,NULL,NULL,NULL,'2022-03-25 10:34:07','2022-03-25 10:34:07','free'),(92,1,'Dr. Paris Conn PhD',NULL,'sawayn.zander@davis.com',NULL,'$2y$10$z7ofL4HIdwHvvqvnokrPfeDDxf25wImmZHxISAgzouRyPK/K34xS.',NULL,NULL,NULL,NULL,'2022-03-25 10:34:07','2022-03-25 10:34:07','free'),(93,1,'Fermin Considine II',NULL,'welch.abe@mayer.biz',NULL,'$2y$10$nj.gI1cKHfRvjFI5h/w9UOqLXipvzwQSdOTVd7sHvllmZ2A2iP05q',NULL,NULL,NULL,NULL,'2022-03-25 10:34:07','2022-03-25 10:34:07','free'),(94,1,'Dr. Helga Pfannerstill',NULL,'dariana01@romaguera.com',NULL,'$2y$10$8LfOHH8gRbNQsoQxr7PxeuErIjVsOTXKc6DfCM4If/xVNHWOyDFee',NULL,NULL,NULL,NULL,'2022-03-25 10:34:07','2022-03-25 10:34:07','free'),(95,1,'Krystina Luettgen',NULL,'cummings.nelda@lynch.com',NULL,'$2y$10$zs9z47/Lm7sAaL0siTKlf.dSp7aWfuXJO7sMAkuqAcwttgDPITQ32',NULL,NULL,NULL,NULL,'2022-03-25 10:34:07','2022-03-25 10:34:07','free'),(96,1,'Johann Kuhlman',NULL,'sebastian.raynor@jakubowski.com',NULL,'$2y$10$uOvUBvSwcuGCySgwtEFu5uA4cC9KbFxQ8QnL93v/1NV3wgwuqI6KW',NULL,NULL,NULL,NULL,'2022-03-25 10:34:07','2022-03-25 10:34:07','free'),(97,1,'Bradford Feeney',NULL,'chauncey19@yahoo.com',NULL,'$2y$10$PtJWtCBogKFTtNaIYE5fBeYzRLDanPw0gT.QkqdM9nbGMwwvk7qua',NULL,NULL,NULL,NULL,'2022-03-25 10:34:07','2022-03-25 10:34:07','free'),(98,1,'Prof. Ruthe Greenholt',NULL,'agreenfelder@hotmail.com',NULL,'$2y$10$TGrHwkmwfLoV5GmWpnl4leQyPRAt4FdUiA26heIj7rxl6N0w6q6zO',NULL,NULL,NULL,NULL,'2022-03-25 10:34:07','2022-03-25 10:34:07','free'),(99,1,'Esther Legros',NULL,'juston59@hotmail.com',NULL,'$2y$10$OnD0m.SC7Naq9glt2FyaxeTiub8jBOwhHSzn7JvTUsxf2ynOsESUa',NULL,NULL,NULL,NULL,'2022-03-25 10:34:07','2022-03-25 10:34:07','free'),(100,1,'Prof. Emilia Ondricka',NULL,'velva97@mante.info',NULL,'$2y$10$0npoVSyUy9OztYC8MIDaaON6EQlfMOK.3Jw4XLIjcLvynQB9eKvga',NULL,NULL,NULL,NULL,'2022-03-25 10:34:07','2022-03-25 10:34:07','free'),(101,1,'Molly Waters',NULL,'streich.krystina@gmail.com',NULL,'$2y$10$wL39.mgBF3v2lWChwInKD.ngc5m7r5D/R7tj08YouFMBUWDZOB6va',NULL,NULL,NULL,NULL,'2022-03-25 10:34:07','2022-03-25 10:34:07','free');
/*!40000 ALTER TABLE `users` ENABLE KEYS */;
UNLOCK TABLES;
/*!40103 SET TIME_ZONE=@OLD_TIME_ZONE */;

/*!40101 SET SQL_MODE=@OLD_SQL_MODE */;
/*!40014 SET FOREIGN_KEY_CHECKS=@OLD_FOREIGN_KEY_CHECKS */;
/*!40014 SET UNIQUE_CHECKS=@OLD_UNIQUE_CHECKS */;
/*!40101 SET CHARACTER_SET_CLIENT=@OLD_CHARACTER_SET_CLIENT */;
/*!40101 SET CHARACTER_SET_RESULTS=@OLD_CHARACTER_SET_RESULTS */;
/*!40101 SET COLLATION_CONNECTION=@OLD_COLLATION_CONNECTION */;
/*!40111 SET SQL_NOTES=@OLD_SQL_NOTES */;

